bishengjdk-riscv,34b0ff28e89da2205b9eb7226bfd64c1e12c01a4,2010-12-31 07:44:45
xenomai,18c8d82ae5b802c5d82e0dfbcc08b1b568955f46,2010-12-31 20:48:55
allwinner-kernel,18c8d82ae5b802c5d82e0dfbcc08b1b568955f46,2010-12-31 20:48:55
qemu,6d5c34fa027d1477c0572ea74421e21b0f733838,2010-12-31 20:17:53
DyscheOS-kernel,18c8d82ae5b802c5d82e0dfbcc08b1b568955f46,2010-12-31 20:48:55
kernel,18c8d82ae5b802c5d82e0dfbcc08b1b568955f46,2010-12-31 20:48:55
raspberrypi-kernel,18c8d82ae5b802c5d82e0dfbcc08b1b568955f46,2010-12-31 20:48:55
rockchip-kernel,18c8d82ae5b802c5d82e0dfbcc08b1b568955f46,2010-12-31 20:48:55
libvirt,77094eaf3a0f7b271b9b94e8712ebc85b75dd84f,2010-12-31 11:20:43
yocto-poky,cb79459c30cfde3eb9115f15ce6bb2fc08db03ac,2010-12-31 11:12:24
